<?xml version="1.0" encoding="utf-8" ?>
<dwsync>
<file name="about.html" server="techfit.comuv.com/public_html/" local="130605027275980795" remote="130605135000000000" Dst="1" />
<file name="forum.html" server="techfit.comuv.com/public_html/" local="130605027257419733" remote="130605135000000000" Dst="1" />
<file name="guides.html" server="techfit.comuv.com/public_html/" local="130605027238698662" remote="130605135000000000" Dst="1" />
<file name="index.html" server="techfit.comuv.com/public_html/" local="130605027167144570" remote="130605135000000000" Dst="1" />
<file name="reviews.html" server="techfit.comuv.com/public_html/" local="130605026894438972" remote="130605135000000000" Dst="1" />
<file name="styles.css" server="techfit.comuv.com/public_html/" local="130604967577436233" remote="130605121800000000" Dst="1" />
<file name="techfitlogo.png" server="techfit.comuv.com/public_html/" local="130605021160531011" remote="130605131400000000" Dst="1" />
<file name="about.html" server="tribalfiresystemsllc.com//public_html/" local="130605162128683928" remote="130605199200000000" Dst="1" />
<file name="forum.html" server="tribalfiresystemsllc.com//public_html/" local="130605152571807306" remote="130605188400000000" Dst="1" />
<file name="guides.html" server="tribalfiresystemsllc.com//public_html/" local="130605150544521352" remote="130605186600000000" Dst="1" />
<file name="index.html" server="tribalfiresystemsllc.com//public_html/" local="130605152571347280" remote="130605188400000000" Dst="1" />
<file name="reviews.html" server="tribalfiresystemsllc.com//public_html/" local="130605152571187271" remote="130605188400000000" Dst="1" />
<file name="styles.css" server="tribalfiresystemsllc.com//public_html/" local="130605141169265118" remote="130605177000000000" Dst="1" />
<file name="techfitlogo.png" server="tribalfiresystemsllc.com//public_html/" local="130605021160531011" remote="130605167400000000" Dst="1" />
</dwsync>