<?xml version="1.0" encoding="utf-8" ?>
<dwsync>
<file name="about.html" server="techfit.comuv.com/public_html/" local="130605027275980795" remote="130605135000000000" Dst="1" />
<file name="forum.html" server="techfit.comuv.com/public_html/" local="130605027257419733" remote="130605135000000000" Dst="1" />
<file name="guides.html" server="techfit.comuv.com/public_html/" local="130605027238698662" remote="130605135000000000" Dst="1" />
<file name="index.html" server="techfit.comuv.com/public_html/" local="130605027167144570" remote="130605135000000000" Dst="1" />
<file name="reviews.html" server="techfit.comuv.com/public_html/" local="130605026894438972" remote="130605135000000000" Dst="1" />
<file name="styles.css" server="techfit.comuv.com/public_html/" local="130604967577436233" remote="130605121800000000" Dst="1" />
<file name="about.html" server="tribalfiresystemsllc.com//public_html/" local="130623302410981452" remote="130623342000000000" Dst="1" />
<file name="forum.html" server="tribalfiresystemsllc.com//public_html/" local="130624890715195705" remote="130625059200000000" Dst="1" />
<file name="guides.html" server="tribalfiresystemsllc.com//public_html/" local="130623302412131518" remote="130623342000000000" Dst="1" />
<file name="index.html" server="tribalfiresystemsllc.com//public_html/" local="130623302411731495" remote="130623342000000000" Dst="1" />
<file name="reviews.html" server="tribalfiresystemsllc.com//public_html/" local="130623302412521540" remote="130623342000000000" Dst="1" />
<file name="styles.css" server="tribalfiresystemsllc.com//public_html/" local="130623279224835280" remote="130623342000000000" Dst="1" />
<file name="404.shtml" server="tribalfiresystemsllc.com//public_html/" local="130574605200000000" remote="130574605200000000" Dst="1" />
<file name="home.html" server="tribalfiresystemsllc.com//public_html/" local="130574605200000000" remote="130574605200000000" Dst="1" />
<file name="layout-styles.css" server="tribalfiresystemsllc.com//public_html/" local="130574605200000000" remote="130574605200000000" Dst="1" />
<file name="51hlw1dazl1771387.png" server="tribalfiresystemsllc.com//public_html/" local="130611094200000000" remote="130611094200000000" Dst="1" />
<file name="asus z87 pro.jpg" server="tribalfiresystemsllc.com//public_html/" local="130611100200000000" remote="130611100200000000" Dst="1" />
<file name="IMG_0339.png" server="tribalfiresystemsllc.com//public_html/" local="130611094200000000" remote="130611094200000000" Dst="1" />
<file name="techfitlogo.png" server="tribalfiresystemsllc.com//public_html/" local="130605167400000000" remote="130605167400000000" Dst="1" />
</dwsync>